type,number,description
SOUL,1,"Independent and self-driven, they prefer working on their own terms and struggle under authority. Natural leaders, they are original thinkers who dislike imitation. Fast-paced and goal-oriented, they expect efficiency from others. They take charge, solve problems, and command respect through discipline. However, they can be dominating and take disagreements personally.

Suggestion: Build friendships and learn to collaborate."
SOUL,2,"Sensitive and diplomatic, they value harmony and teamwork but struggle with indecisiveness. Easily influenced, they help others until they feel taken advantage of. Loyal and generous, they maintain lifelong friendships. They excel as teachers, counselors, and mediators, thriving in supportive environments. Lovers of art, nature, and culture, they dislike conflict and hold no grudges.

Suggestion: Set boundaries to avoid being exploited."
SOUL,3,"Cheerful and optimistic, they handle life’s ups and downs with ease. They love attention, compliments, and socializing. Expressive and romantic, they prioritize happiness and personal appearance. Naturally charming, they attract popularity and youthful energy.

Suggestion: Stay socially active and keep expressing yourself."
SOUL,4,"Disciplined and detail-oriented, they value time and money. Perfectionists, they handle responsibilities with precision but can be rigid and stubborn. Routine-driven, they dislike surprises and unnecessary spending. Workaholic tendencies may limit flexibility.

Suggestion: Learn to adapt and avoid over-focusing on small details."
SOUL,5,"Adventurous and free-spirited, they crave new experiences and meeting people. They embrace change, sometimes quitting stable jobs to explore new opportunities. Honest, intelligent, and multi-talented, they enjoy travel and independence. They rarely hold onto anger but struggle with commitment.

Suggestion: Focus on one goal at a time."
SOUL,6,"Family-oriented and responsible, they value traditions and relationships. Honest and loyal, they prioritize others' needs over their own. They commit wholeheartedly and stand against injustice. Their caring nature can make them vulnerable to being taken advantage of.

Suggestion: Balance caring for others with self-care."
SOUL,7,"Deep thinkers with sharp intuition, they seek hidden truths and meaningful conversations. Logical and analytical, they can detect dishonesty. However, they struggle with expressing emotions, leading to misunderstandings. They prefer a small, close circle of friends.

Suggestion: Open up and connect with people more.
"
SOUL,8,"Ambitious and hardworking, they seek financial independence and leadership roles. Systematic and organized, they command respect and influence. They tend to overwork, sometimes at the cost of personal relationships. Though often perceived as rigid or dominating, they are deeply driven by success.

Suggestion: Prioritize health and maintain work-life balance."
SOUL,9,"Compassionate and friendly, they naturally attract people. They selflessly help others but feel hurt when their kindness is unreciprocated. Idealistic and empathetic, they expect appreciation for their efforts. Perfectionists, they hold high expectations of themselves and others.

Suggestion: Accept that not everyone will reciprocate your efforts equally.
"
PINNACLE,1,"You should trust yourself and not wait for others' approval. Learn from the mistakes of others and focus on your own path. Prioritize yourself and give your best in every task you undertake. If you face obstacles, don’t dwell on them—move forward with a new plan. No matter what challenges arise, keep hope alive and stay determined to succeed."
PINNACLE,2,"Take your time with tasks and trust your instincts rather than rushing decisions. If someone criticizes you, view it as an opportunity to grow. Working in partnerships will bring better results than trying to do everything alone. Embrace every chance to learn and develop your skills. While teamwork is essential, avoid interfering in others' lives and focus on nurturing your own talents and hobbies."
PINNACLE,3,"Remain humble and genuine while maintaining a practical approach to life. Stay focused on your goals and use your creativity to your advantage. If negativity arises, overcome it with optimism and resilience. Always strive to do your best in every situation. Take financial opportunities seriously and avoid unnecessary distractions. Speak only when necessary, ensuring your words add value to conversations."
PINNACLE,4,"Whatever you start, make sure to finish it. Stay grounded, disciplined, and committed to your responsibilities. Following rules and maintaining honesty will lead you to success. Once you make a commitment, follow through with dedication, as consistency and perseverance are key to long-term achievements."
PINNACLE,5,"Enjoy your freedom and embrace life as it comes. Learn from every opportunity and be willing to take on new experiences. Stay physically active and ready for travel, as movement and exploration will bring you joy. Meeting new people will expand your perspective, but be mindful of your emotions, as relationships may have their ups and downs. Adaptability will help you navigate changes smoothly."
PINNACLE,6,"Your life revolves around family, relationships, and responsibilities. Caring for your loved ones should be a priority, but ensure that you don’t neglect yourself in the process. If you are single, be open to new relationships and meaningful connections. Approach your work with sincerity and handle all responsibilities with integrity. Avoid unnecessary conflicts, and let empathy guide your interactions with others."
PINNACLE,7,"Be cautious when placing trust in others and always analyze situations before making decisions. If something appears too good to be true, take a moment to question why. Trust your intuition and rely on your inner wisdom. Strive to become a master in your field by continuously developing your talents and interests. Spending time alone will help you reflect and grow. Find contentment in what you have and always aim to give your best effort in everything you do."
PINNACLE,8,"While work is important, don’t let it consume your life—take care of your health and well-being. Stay disciplined, organized, and focused on your ambitions. When leadership opportunities arise, don’t hesitate to seize them. Be practical in your approach to achieving your goals, ensuring that your efforts align with long-term success. If someone needs your help, extend your support without expecting anything in return."
PINNACLE,9,"Patience is essential when it comes to relationships, as not everything will go as expected. Avoid being overly self-focused and embrace the values of sharing and caring. Respect different traditions and cultures, understanding that every individual has their own beliefs and perspectives. Learning to give without expecting anything in return will bring you true fulfillment and happiness."
CHALLENGE,0,"You tend to be highly focused on yourself, often neglecting the well-being of others. This self-absorption can lead to inner turmoil and dissatisfaction. Your challenge is to engage more with people and contribute to the betterment of those around you. The more positive actions you take, the more fulfilling results you will experience.
"
CHALLENGE,1,"Indecisiveness is your biggest struggle, as you often rely on others' opinions instead of trusting your own judgment. This can lead to confusion and hesitation. Learning to listen to your intuition is crucial. At the same time, be mindful of overconfidence—success should not make you arrogant or impulsive. True confidence comes from self-awareness and balance."
CHALLENGE,2,"You are highly emotional and sensitive, making your happiness dependent on how others treat you. This can lead to emotional instability and self-doubt. To overcome this challenge, learn to trust yourself and make decisions based on both heart and logic. Prioritizing self-awareness will help you develop emotional independence and resilience."
CHALLENGE,3,"This challenge can shake your self-confidence and make it difficult for you to express yourself. You may withdraw from social interactions, feeling disconnected from both family and society. The key to overcoming this phase is to have faith in yourself and find ways to communicate your thoughts and emotions freely. Engaging in creative outlets or speaking your mind can help restore your confidence."
CHALLENGE,4,"You may struggle with disorganization and a lack of discipline, making it difficult to complete tasks efficiently. This period can lead to procrastination and a dislike for structured work. To overcome this, focus on becoming more systematic and practical in your approach. Setting small, achievable goals and maintaining a structured routine will bring stability and success."
CHALLENGE,5,"This challenge makes it difficult for you to stay committed to one path. You may feel restless and struggle with maintaining consistency in both personal and professional aspects of life. Frequent changes, impulsive decisions, and a craving for freedom can prevent you from achieving long-term success. To overcome this, practice patience, focus on stability, and avoid making hasty choices. Learning to embrace responsibility will lead to personal growth."
CHALLENGE,6,"During this phase, you may struggle with family and personal responsibilities, often feeling burdened by obligations. There could be a tendency to either overcommit to others or completely detach from relationships. Finding a balance between caring for loved ones and maintaining personal independence is essential. Learn to set healthy boundaries while continuing to nurture meaningful connections."
CHALLENGE,7,"This challenge creates doubt in your belief system, distancing you from spirituality and self-awareness. You may start questioning everything, including your own abilities and instincts. This excessive skepticism can lead to confusion and inner conflict. The key to overcoming this phase is to trust in the existence of higher powers and follow the right path with faith. Reconnecting with spirituality or seeking inner wisdom will bring clarity and peace."
CHALLENGE,8,"The desire for power and financial success may consume you, leading to an obsession with material achievements. This can make you insensitive to others' emotions and cause you to prioritize wealth over ethics. You may find yourself taking shortcuts to success without considering the moral consequences. The best way to overcome this challenge is to follow ethical principles, treat people with kindness, and pursue success with integrity. When you stay on the right path, success will come naturally."
